side,model,X_RMSE,X_R2,Y_RMSE,Y_R2,Z_RMSE,Z_R2
MsDs,KAN,1.8272589563966268,0.992542028427124,1.2528303051941936,0.9606462121009827,2.7137284656937135,0.8555547595024109
MsDs,MLP,2.549604860245974,0.985480010509491,1.6290770516622857,0.9334596395492554,1.7694198876511216,0.938590943813324
