side,model,X_RMSE,X_R2,Y_RMSE,Y_R2,Z_RMSE,Z_R2
MdDs,KAN,2.906886533535091,0.9811254739761353,5.974980323152583,0.10489296913146973,1.3298911524811006,0.9653101563453674
MdDs,MLP,5.137246734984926,0.9410503506660461,9.17172069517241,-1.1091313362121582,8.130057770733782,-0.296455979347229
