side,model,X_RMSE,X_R2,Y_RMSE,Y_R2,Z_RMSE,Z_R2
MdDd,KAN,1.3681950807288645,0.9957183003425598,1.2663493497233451,0.9821022748947144,0.6417872655129391,0.9938732981681824
MdDd,MLP,1.920465277979894,0.9915640950202942,1.7595152343367992,0.965447723865509,2.207883309148748,0.9274904131889343
