side,model,X_RMSE,X_R2,Y_RMSE,Y_R2,Z_RMSE,Z_R2
MdDs,KAN,3.279776687463478,0.9754143953323364,5.245807426859319,0.1939835548400879,1.1185459334449057,0.9747838377952576
MdDs,MLP,3.4417635746229105,0.9729259014129639,7.65093909589354,-0.7145442962646484,3.5398411852023925,0.7474547624588013
