side,model,X_RMSE,X_R2,Y_RMSE,Y_R2,Z_RMSE,Z_R2
MdDd,KAN,1.524850747355962,0.9946512579917908,1.2896940129390395,0.9797443151473999,0.8135793925454976,0.9900766611099243
MdDd,MLP,2.301171883288597,0.9878186583518982,1.6563540012167695,0.9665896892547607,1.8853758777681364,0.9467090964317322
