side,model,X_RMSE,X_R2,Y_RMSE,Y_R2,Z_RMSE,Z_R2
MsDs,KAN,2.316229622139305,0.9727950692176819,1.9051349693204191,0.9820089936256409,1.533404333433449,0.8867586851119995
MsDs,MLP,1.8250594560527176,0.9831096529960632,1.9517304591767584,0.9811181426048279,2.7921592126063444,0.62453293800354
